Workbook

Sheet 0.0%
A1: 0.0%-0.0% | C1: 0.0%-10.0% | E1: 0.0%-20.0% | G1: 0.0%-30.0% | I1: 0.0%-40.0% | K1: 0.0%-50.0%
A2: X | B2: Y | C2: X2 | D2: Y3 | E2: X4 | F2: Y5 | G2: X6 | H2: Y7 | I2: X8 | J2: Y9 | K2: X10 | L2: Y11 | M2: Wavelength | N2: I_0 | O2: I_10 | P2: I_20 | Q2: I_30 | R2: I_40 | S2: I_50 | T2: Wavelength nm | U2: TER_10 | V2: TER_20 | W2: TER_30 | X2: TER_40 | Y2: TER_50 | Z2: Filtro de ruido
A3: 71.27 | B3: 722.7 | C3: 71.27 | D3: 795.8 | E3: 71.27 | F3: 914.7 | G3: 71.27 | H3: 1001 | I3: 71.27 | J3: 1206.2 | K3: 71.27 | L3: 1267.1 | M3: 71.27 | N3: 722.7 | O3: 795.8 | P3: 914.7 | Q3: 1001 | R3: 1206.2 | S3: 1267.1 | T3: 71.27 | U3: =IF('0.0%'!$N3<$Z$3,0, '0.0%'!$O3/'0.0%'!$N3) -> 1.1011485 | V3: =IF('0.0%'!$N3<$Z$3,0, '0.0%'!$P3/'0.0%'!$N3) -> 1.2656704 | W3: =IF('0.0%'!$N3<$Z$3,0, '0.0%'!$Q3/'0.0%'!$N3) -> 1.3850837 | X3: =IF('0.0%'!$N3<$Z$3,0, '0.0%'!$R3/'0.0%'!$N3) -> 1.669019 | Y3: =IF('0.0%'!$N3<$Z$3,0, '0.0%'!$S3/'0.0%'!$N3) -> 1.7532863 | Z3: 0.1
A4: 72.26 | B4: 800.8 | C4: 72.26 | D4: 882.8 | E4: 72.26 | F4: 1016.4 | G4: 72.26 | H4: 1113.2 | I4: 72.26 | J4: 1344.4 | K4: 72.26 | L4: 1413.6 | M4: 72.26 | N4: 800.8 | O4: 882.8 | P4: 1016.4 | Q4: 1113.2 | R4: 1344.4 | S4: 1413.6 | T4: 72.26 | U4: =IF('0.0%'!$N4<$Z$3,0, '0.0%'!$O4/'0.0%'!$N4) -> 1.1023976 | V4: =IF('0.0%'!$N4<$Z$3,0, '0.0%'!$P4/'0.0%'!$N4) -> 1.2692308 | W4: =IF('0.0%'!$N4<$Z$3,0, '0.0%'!$Q4/'0.0%'!$N4) -> 1.3901099 | X4: =IF('0.0%'!$N4<$Z$3,0, '0.0%'!$R4/'0.0%'!$N4) -> 1.6788212 | Y4: =IF('0.0%'!$N4<$Z$3,0, '0.0%'!$S4/'0.0%'!$N4) -> 1.7652348
A5: 73.26 | B5: 857.3 | C5: 73.26 | D5: 946 | E5: 73.26 | F5: 1091.5 | G5: 73.26 | H5: 1196.2 | I5: 73.26 | J5: 1449.2 | K5: 73.26 | L5: 1525.4 | M5: 73.26 | N5: 857.3 | O5: 946 | P5: 1091.5 | Q5: 1196.2 | R5: 1449.2 | S5: 1525.4 | T5: 73.26 | U5: =IF('0.0%'!$N5<$Z$3,0, '0.0%'!$O5/'0.0%'!$N5) -> 1.1034644 | V5: =IF('0.0%'!$N5<$Z$3,0, '0.0%'!$P5/'0.0%'!$N5) -> 1.2731832 | W5: =IF('0.0%'!$N5<$Z$3,0, '0.0%'!$Q5/'0.0%'!$N5) -> 1.3953109 | X5: =IF('0.0%'!$N5<$Z$3,0, '0.0%'!$R5/'0.0%'!$N5) -> 1.6904234 | Y5: =IF('0.0%'!$N5<$Z$3,0, '0.0%'!$S5/'0.0%'!$N5) -> 1.7793071
A6: 74.25 | B6: 900.8 | C6: 74.25 | D6: 994.6 | E6: 74.25 | F6: 1149.3 | G6: 74.25 | H6: 1260.1 | I6: 74.25 | J6: 1530.2 | K6: 74.25 | L6: 1612.2 | M6: 74.25 | N6: 900.8 | O6: 994.6 | P6: 1149.3 | Q6: 1260.1 | R6: 1530.2 | S6: 1612.2 | T6: 74.25 | U6: =IF('0.0%'!$N6<$Z$3,0, '0.0%'!$O6/'0.0%'!$N6) -> 1.1041297 | V6: =IF('0.0%'!$N6<$Z$3,0, '0.0%'!$P6/'0.0%'!$N6) -> 1.2758659 | W6: =IF('0.0%'!$N6<$Z$3,0, '0.0%'!$Q6/'0.0%'!$N6) -> 1.3988677 | X6: =IF('0.0%'!$N6<$Z$3,0, '0.0%'!$R6/'0.0%'!$N6) -> 1.6987123 | Y6: =IF('0.0%'!$N6<$Z$3,0, '0.0%'!$S6/'0.0%'!$N6) -> 1.7897425
A7: 75.24 | B7: 932.2 | C7: 75.24 | D7: 1030.3 | E7: 75.24 | F7: 1192.3 | G7: 75.24 | H7: 1308 | I7: 75.24 | J7: 1592.2 | K7: 75.24 | L7: 1679 | M7: 75.24 | N7: 932.2 | O7: 1030.3 | P7: 1192.3 | Q7: 1308 | R7: 1592.2 | S7: 1679 | T7: 75.24 | U7: =IF('0.0%'!$N7<$Z$3,0, '0.0%'!$O7/'0.0%'!$N7) -> 1.1052349 | V7: =IF('0.0%'!$N7<$Z$3,0, '0.0%'!$P7/'0.0%'!$N7) -> 1.2790174 | W7: =IF('0.0%'!$N7<$Z$3,0, '0.0%'!$Q7/'0.0%'!$N7) -> 1.4031324 | X7: =IF('0.0%'!$N7<$Z$3,0, '0.0%'!$R7/'0.0%'!$N7) -> 1.7080026 | Y7: =IF('0.0%'!$N7<$Z$3,0, '0.0%'!$S7/'0.0%'!$N7) -> 1.8011156
A8: 76.23 | B8: 953 | C8: 76.23 | D8: 1053.7 | E8: 76.23 | F8: 1221.5 | G8: 76.23 | H8: 1340.2 | I8: 76.23 | J8: 1635.6 | K8: 76.23 | L8: 1725.7 | M8: 76.23 | N8: 953 | O8: 1053.7 | P8: 1221.5 | Q8: 1340.2 | R8: 1635.6 | S8: 1725.7 | T8: 76.23 | U8: =IF('0.0%'!$N8<$Z$3,0, '0.0%'!$O8/'0.0%'!$N8) -> 1.1056663 | V8: =IF('0.0%'!$N8<$Z$3,0, '0.0%'!$P8/'0.0%'!$N8) -> 1.2817419 | W8: =IF('0.0%'!$N8<$Z$3,0, '0.0%'!$Q8/'0.0%'!$N8) -> 1.4062959 | X8: =IF('0.0%'!$N8<$Z$3,0, '0.0%'!$R8/'0.0%'!$N8) -> 1.7162644 | Y8: =IF('0.0%'!$N8<$Z$3,0, '0.0%'!$S8/'0.0%'!$N8) -> 1.810808
A9: 77.22 | B9: 966.4 | C9: 77.22 | D9: 1069.1 | E9: 77.22 | F9: 1241.6 | G9: 77.22 | H9: 1362.6 | I9: 77.22 | J9: 1667.8 | K9: 77.22 | L9: 1760 | M9: 77.22 | N9: 966.4 | O9: 1069.1 | P9: 1241.6 | Q9: 1362.6 | R9: 1667.8 | S9: 1760 | T9: 77.22 | U9: =IF('0.0%'!$N9<$Z$3,0, '0.0%'!$O9/'0.0%'!$N9) -> 1.1062707 | V9: =IF('0.0%'!$N9<$Z$3,0, '0.0%'!$P9/'0.0%'!$N9) -> 1.2847682 | W9: =IF('0.0%'!$N9<$Z$3,0, '0.0%'!$Q9/'0.0%'!$N9) -> 1.4099752 | X9: =IF('0.0%'!$N9<$Z$3,0, '0.0%'!$R9/'0.0%'!$N9) -> 1.7257864 | Y9: =IF('0.0%'!$N9<$Z$3,0, '0.0%'!$S9/'0.0%'!$N9) -> 1.8211921
A10: 78.22 | B10: 973 | C10: 78.22 | D10: 1076.7 | E10: 78.22 | F10: 1252.6 | G10: 78.22 | H10: 1375 | I10: 78.22 | J10: 1687.6 | K10: 78.22 | L10: 1780.7 | M10: 78.22 | N10: 973 | O10: 1076.7 | P10: 1252.6 | Q10: 1375 | R10: 1687.6 | S10: 1780.7 | T10: 78.22 | U10: =IF('0.0%'!$N10<$Z$3,0, '0.0%'!$O10/'0.0%'!$N10) -> 1.1065776 | V10: =IF('0.0%'!$N10<$Z$3,0, '0.0%'!$P10/'0.0%'!$N10) -> 1.2873587 | W10: =IF('0.0%'!$N10<$Z$3,0, '0.0%'!$Q10/'0.0%'!$N10) -> 1.4131552 | X10: =IF('0.0%'!$N10<$Z$3,0, '0.0%'!$R10/'0.0%'!$N10) -> 1.7344296 | Y10: =IF('0.0%'!$N10<$Z$3,0, '0.0%'!$S10/'0.0%'!$N10) -> 1.8301131
A11: 79.21 | B11: 974.5 | C11: 79.21 | D11: 1078.5 | E11: 79.21 | F11: 1257.3 | G11: 79.21 | H11: 1380.6 | I11: 79.21 | J11: 1699.5 | K11: 79.21 | L11: 1793.2 | M11: 79.21 | N11: 974.5 | O11: 1078.5 | P11: 1257.3 | Q11: 1380.6 | R11: 1699.5 | S11: 1793.2 | T11: 79.21 | U11: =IF('0.0%'!$N11<$Z$3,0, '0.0%'!$O11/'0.0%'!$N11) -> 1.1067214 | V11: =IF('0.0%'!$N11<$Z$3,0, '0.0%'!$P11/'0.0%'!$N11) -> 1.2902001 | W11: =IF('0.0%'!$N11<$Z$3,0, '0.0%'!$Q11/'0.0%'!$N11) -> 1.4167265 | X11: =IF('0.0%'!$N11<$Z$3,0, '0.0%'!$R11/'0.0%'!$N11) -> 1.7439713 | Y11: =IF('0.0%'!$N11<$Z$3,0, '0.0%'!$S11/'0.0%'!$N11) -> 1.8401231
A12: 80.2 | B12: 970.9 | C12: 80.2 | D12: 1074.6 | E12: 80.2 | F12: 1255.3 | G12: 80.2 | H12: 1378.1 | I12: 80.2 | J12: 1701.7 | K12: 80.2 | L12: 1795.3 | M12: 80.2 | N12: 970.9 | O12: 1074.6 | P12: 1255.3 | Q12: 1378.1 | R12: 1701.7 | S12: 1795.3 | T12: 80.2 | U12: =IF('0.0%'!$N12<$Z$3,0, '0.0%'!$O12/'0.0%'!$N12) -> 1.1068081 | V12: =IF('0.0%'!$N12<$Z$3,0, '0.0%'!$P12/'0.0%'!$N12) -> 1.2929241 | W12: =IF('0.0%'!$N12<$Z$3,0, '0.0%'!$Q12/'0.0%'!$N12) -> 1.4194047 | X12: =IF('0.0%'!$N12<$Z$3,0, '0.0%'!$R12/'0.0%'!$N12) -> 1.7527037 | Y12: =IF('0.0%'!$N12<$Z$3,0, '0.0%'!$S12/'0.0%'!$N12) -> 1.8491091
A13: 81.19 | B13: 962 | C13: 81.19 | D13: 1064.5 | E13: 81.19 | F13: 1246.8 | G13: 81.19 | H13: 1368.1 | I13: 81.19 | J13: 1696.2 | K13: 81.19 | L13: 1789 | M13: 81.19 | N13: 962 | O13: 1064.5 | P13: 1246.8 | Q13: 1368.1 | R13: 1696.2 | S13: 1789 | T13: 81.19 | U13: =IF('0.0%'!$N13<$Z$3,0, '0.0%'!$O13/'0.0%'!$N13) -> 1.1065489 | V13: =IF('0.0%'!$N13<$Z$3,0, '0.0%'!$P13/'0.0%'!$N13) -> 1.2960499 | W13: =IF('0.0%'!$N13<$Z$3,0, '0.0%'!$Q13/'0.0%'!$N13) -> 1.4221414 | X13: =IF('0.0%'!$N13<$Z$3,0, '0.0%'!$R13/'0.0%'!$N13) -> 1.7632017 | Y13: =IF('0.0%'!$N13<$Z$3,0, '0.0%'!$S13/'0.0%'!$N13) -> 1.8596674
A14: 82.18 | B14: 952.1 | C14: 82.18 | D14: 1053.9 | E14: 82.18 | F14: 1237.2 | G14: 82.18 | H14: 1357.2 | I14: 82.18 | J14: 1688.9 | K14: 82.18 | L14: 1780.9 | M14: 82.18 | N14: 952.1 | O14: 1053.9 | P14: 1237.2 | Q14: 1357.2 | R14: 1688.9 | S14: 1780.9 | T14: 82.18 | U14: =IF('0.0%'!$N14<$Z$3,0, '0.0%'!$O14/'0.0%'!$N14) -> 1.1069215 | V14: =IF('0.0%'!$N14<$Z$3,0, '0.0%'!$P14/'0.0%'!$N14) -> 1.2994433 | W14: =IF('0.0%'!$N14<$Z$3,0, '0.0%'!$Q14/'0.0%'!$N14) -> 1.4254805 | X14: =IF('0.0%'!$N14<$Z$3,0, '0.0%'!$R14/'0.0%'!$N14) -> 1.7738683 | Y14: =IF('0.0%'!$N14<$Z$3,0, '0.0%'!$S14/'0.0%'!$N14) -> 1.8704968
A15: 83.17 | B15: 939.6 | C15: 83.17 | D15: 1040.4 | E15: 83.17 | F15: 1224.2 | G15: 83.17 | H15: 1342.5 | I15: 83.17 | J15: 1676.5 | K15: 83.17 | L15: 1767.3 | M15: 83.17 | N15: 939.6 | O15: 1040.4 | P15: 1224.2 | Q15: 1342.5 | R15: 1676.5 | S15: 1767.3 | T15: 83.17 | U15: =IF('0.0%'!$N15<$Z$3,0, '0.0%'!$O15/'0.0%'!$N15) -> 1.1072797 | V15: =IF('0.0%'!$N15<$Z$3,0, '0.0%'!$P15/'0.0%'!$N15) -> 1.3028948 | W15: =IF('0.0%'!$N15<$Z$3,0, '0.0%'!$Q15/'0.0%'!$N15) -> 1.4287995 | X15: =IF('0.0%'!$N15<$Z$3,0, '0.0%'!$R15/'0.0%'!$N15) -> 1.7842699 | Y15: =IF('0.0%'!$N15<$Z$3,0, '0.0%'!$S15/'0.0%'!$N15) -> 1.8809068
... A1282: 1339.74 | B1282: 24176.5 | C1282: 1339.74 | D1282: 25422.6 | E1282: 1339.74 | F1282: 25800.1 | G1282: 1339.74 | H1282: 25900.9 | I1282: 1339.74 | J1282: 25576.8 | K1282: 1339.74 | L1282: 26538.1 | M1282: 1339.74 | N1282: 24176.5 | O1282: 25422.6 | P1282: 25800.1 | Q1282: 25900.9 | R1282: 25576.8 | S1282: 26538.1 | T1282: 1339.74 | U1282: =IF('0.0%'!$N1282<$Z$3,0, '0.0%'!$O1282/'0.0%'!$N1282) -> 1.0515418 | V1282: =IF('0.0%'!$N1282<$Z$3,0, '0.0%'!$P1282/'0.0%'!$N1282) -> 1.0671561 | W1282: =IF('0.0%'!$N1282<$Z$3,0, '0.0%'!$Q1282/'0.0%'!$N1282) -> 1.0713255 | X1282: =IF('0.0%'!$N1282<$Z$3,0, '0.0%'!$R1282/'0.0%'!$N1282) -> 1.0579199 | Y1282: =IF('0.0%'!$N1282<$Z$3,0, '0.0%'!$S1282/'0.0%'!$N1282) -> 1.0976816

Sheet 0.5%
A1: 0.5%-0.0% | C1: 0.5%-10.0% | E1: 0.5%-20.0% | G1: 0.5-30.0% | I1: 0.5%-40.0% | K1: 0.5%-50.0%
A2: X | B2: Y | C2: X2 | D2: Y3 | E2: X4 | F2: Y5 | G2: X6 | H2: Y7 | I2: X8 | J2: Y9 | K2: X10 | L2: Y11 | M2: Wavelength | N2: I_0 | O2: I_10 | P2: I_20 | Q2: I_30 | R2: I_40 | S2: I_50 | T2: Wavelwngth | U2: TER_10 | V2: TER_20 | W2: TER_30 | X2: TER_40 | Y2: TER_50 | Z2: Flitro de Ruido
A3: 71.27 | B3: 0 | C3: 71.27 | D3: 0.1 | E3: 71.27 | F3: 0.1 | G3: 71.27 | H3: 0.1 | I3: 71.27 | J3: 0.1 | K3: 71.27 | L3: 0.1 | M3: 71.27 | N3: 0 | O3: 0.1 | P3: 0.1 | Q3: 0.1 | R3: 0.1 | S3: 0.1 | T3: 71.27 | U3: {=IF(Table8[[#This Row],[I_0]]<Table24[Flitro de Ruido],1,Table8[[#This Row],[I_10]]/Table8[[#This Row],[I_0]])} -> 1 | V3: {=IF(Table8[[#This Row],[I_0]]<Table24[Flitro de Ruido],1,Table8[[#This Row],[I_20]]/Table8[[#This Row],[I_0]])} -> 1 | W3: {=IF(Table8[[#This Row],[I_0]]<Table24[Flitro de Ruido],1,Table8[[#This Row],[I_30]]/Table8[[#This Row],[I_0]])} -> 1 | X3: {=IF(Table8[[#This Row],[I_0]]<Table24[Flitro de Ruido],1,Table8[[#This Row],[I_40]]/Table8[[#This Row],[I_0]])} -> 1 | Y3: {=IF(Table8[[#This Row],[I_0]]<Table24[Flitro de Ruido],1,Table8[[#This Row],[I_50]]/Table8[[#This Row],[I_0]])} -> 1 | Z3: 0.1
A4: 72.26 | B4: 0 | C4: 72.26 | D4: 0.1 | E4: 72.26 | F4: 0.1 | G4: 72.26 | H4: 0 | I4: 72.26 | J4: 0.1 | K4: 72.26 | L4: 0.1 | M4: 72.26 | N4: 0 | O4: 0.1 | P4: 0.1 | Q4: 0 | R4: 0.1 | S4: 0.1 | T4: 72.26 | U4: {=IF(Table8[[#This Row],[I_0]]<Table24[Flitro de Ruido],1,Table8[[#This Row],[I_10]]/Table8[[#This Row],[I_0]])} -> 1 | V4: {=IF(Table8[[#This Row],[I_0]]<Table24[Flitro de Ruido],1,Table8[[#This Row],[I_20]]/Table8[[#This Row],[I_0]])} -> 1 | W4: {=IF(Table8[[#This Row],[I_0]]<Table24[Flitro de Ruido],1,Table8[[#This Row],[I_30]]/Table8[[#This Row],[I_0]])} -> 1 | X4: {=IF(Table8[[#This Row],[I_0]]<Table24[Flitro de Ruido],1,Table8[[#This Row],[I_40]]/Table8[[#This Row],[I_0]])} -> 1 | Y4: {=IF(Table8[[#This Row],[I_0]]<Table24[Flitro de Ruido],1,Table8[[#This Row],[I_50]]/Table8[[#This Row],[I_0]])} -> 1
A5: 73.26 | B5: 0 | C5: 73.26 | D5: 0 | E5: 73.26 | F5: 0 | G5: 73.26 | H5: 0 | I5: 73.26 | J5: 0 | K5: 73.26 | L5: 0 | M5: 73.26 | N5: 0 | O5: 0 | P5: 0 | Q5: 0 | R5: 0 | S5: 0 | T5: 73.26 | U5: {=IF(Table8[[#This Row],[I_0]]<Table24[Flitro de Ruido],1,Table8[[#This Row],[I_10]]/Table8[[#This Row],[I_0]])} -> 1 | V5: {=IF(Table8[[#This Row],[I_0]]<Table24[Flitro de Ruido],1,Table8[[#This Row],[I_20]]/Table8[[#This Row],[I_0]])} -> 1 | W5: {=IF(Table8[[#This Row],[I_0]]<Table24[Flitro de Ruido],1,Table8[[#This Row],[I_30]]/Table8[[#This Row],[I_0]])} -> 1 | X5: {=IF(Table8[[#This Row],[I_0]]<Table24[Flitro de Ruido],1,Table8[[#This Row],[I_40]]/Table8[[#This Row],[I_0]])} -> 1 | Y5: {=IF(Table8[[#This Row],[I_0]]<Table24[Flitro de Ruido],1,Table8[[#This Row],[I_50]]/Table8[[#This Row],[I_0]])} -> 1
A6: 74.25 | B6: 0 | C6: 74.25 | D6: 0 | E6: 74.25 | F6: 0 | G6: 74.25 | H6: 0 | I6: 74.25 | J6: 0 | K6: 74.25 | L6: 0 | M6: 74.25 | N6: 0 | O6: 0 | P6: 0 | Q6: 0 | R6: 0 | S6: 0 | T6: 74.25 | U6: {=IF(Table8[[#This Row],[I_0]]<Table24[Flitro de Ruido],1,Table8[[#This Row],[I_10]]/Table8[[#This Row],[I_0]])} -> 1 | V6: {=IF(Table8[[#This Row],[I_0]]<Table24[Flitro de Ruido],1,Table8[[#This Row],[I_20]]/Table8[[#This Row],[I_0]])} -> 1 | W6: {=IF(Table8[[#This Row],[I_0]]<Table24[Flitro de Ruido],1,Table8[[#This Row],[I_30]]/Table8[[#This Row],[I_0]])} -> 1 | X6: {=IF(Table8[[#This Row],[I_0]]<Table24[Flitro de Ruido],1,Table8[[#This Row],[I_40]]/Table8[[#This Row],[I_0]])} -> 1 | Y6: {=IF(Table8[[#This Row],[I_0]]<Table24[Flitro de Ruido],1,Table8[[#This Row],[I_50]]/Table8[[#This Row],[I_0]])} -> 1
A7: 75.24 | B7: 0 | C7: 75.24 | D7: 0 | E7: 75.24 | F7: 0 | G7: 75.24 | H7: 0 | I7: 75.24 | J7: 0 | K7: 75.24 | L7: 0 | M7: 75.24 | N7: 0 | O7: 0 | P7: 0 | Q7: 0 | R7: 0 | S7: 0 | T7: 75.24 | U7: {=IF(Table8[[#This Row],[I_0]]<Table24[Flitro de Ruido],1,Table8[[#This Row],[I_10]]/Table8[[#This Row],[I_0]])} -> 1 | V7: {=IF(Table8[[#This Row],[I_0]]<Table24[Flitro de Ruido],1,Table8[[#This Row],[I_20]]/Table8[[#This Row],[I_0]])} -> 1 | W7: {=IF(Table8[[#This Row],[I_0]]<Table24[Flitro de Ruido],1,Table8[[#This Row],[I_30]]/Table8[[#This Row],[I_0]])} -> 1 | X7: {=IF(Table8[[#This Row],[I_0]]<Table24[Flitro de Ruido],1,Table8[[#This Row],[I_40]]/Table8[[#This Row],[I_0]])} -> 1 | Y7: {=IF(Table8[[#This Row],[I_0]]<Table24[Flitro de Ruido],1,Table8[[#This Row],[I_50]]/Table8[[#This Row],[I_0]])} -> 1
A8: 76.23 | B8: 0 | C8: 76.23 | D8: 0 | E8: 76.23 | F8: 0 | G8: 76.23 | H8: 0 | I8: 76.23 | J8: 0 | K8: 76.23 | L8: 0 | M8: 76.23 | N8: 0 | O8: 0 | P8: 0 | Q8: 0 | R8: 0 | S8: 0 | T8: 76.23 | U8: {=IF(Table8[[#This Row],[I_0]]<Table24[Flitro de Ruido],1,Table8[[#This Row],[I_10]]/Table8[[#This Row],[I_0]])} -> 1 | V8: {=IF(Table8[[#This Row],[I_0]]<Table24[Flitro de Ruido],1,Table8[[#This Row],[I_20]]/Table8[[#This Row],[I_0]])} -> 1 | W8: {=IF(Table8[[#This Row],[I_0]]<Table24[Flitro de Ruido],1,Table8[[#This Row],[I_30]]/Table8[[#This Row],[I_0]])} -> 1 | X8: {=IF(Table8[[#This Row],[I_0]]<Table24[Flitro de Ruido],1,Table8[[#This Row],[I_40]]/Table8[[#This Row],[I_0]])} -> 1 | Y8: {=IF(Table8[[#This Row],[I_0]]<Table24[Flitro de Ruido],1,Table8[[#This Row],[I_50]]/Table8[[#This Row],[I_0]])} -> 1
A9: 77.22 | B9: 0 | C9: 77.22 | D9: 0 | E9: 77.22 | F9: 0 | G9: 77.22 | H9: 0 | I9: 77.22 | J9: 0 | K9: 77.22 | L9: 0 | M9: 77.22 | N9: 0 | O9: 0 | P9: 0 | Q9: 0 | R9: 0 | S9: 0 | T9: 77.22 | U9: {=IF(Table8[[#This Row],[I_0]]<Table24[Flitro de Ruido],1,Table8[[#This Row],[I_10]]/Table8[[#This Row],[I_0]])} -> 1 | V9: {=IF(Table8[[#This Row],[I_0]]<Table24[Flitro de Ruido],1,Table8[[#This Row],[I_20]]/Table8[[#This Row],[I_0]])} -> 1 | W9: {=IF(Table8[[#This Row],[I_0]]<Table24[Flitro de Ruido],1,Table8[[#This Row],[I_30]]/Table8[[#This Row],[I_0]])} -> 1 | X9: {=IF(Table8[[#This Row],[I_0]]<Table24[Flitro de Ruido],1,Table8[[#This Row],[I_40]]/Table8[[#This Row],[I_0]])} -> 1 | Y9: {=IF(Table8[[#This Row],[I_0]]<Table24[Flitro de Ruido],1,Table8[[#This Row],[I_50]]/Table8[[#This Row],[I_0]])} -> 1
A10: 78.22 | B10: 0 | C10: 78.22 | D10: 0 | E10: 78.22 | F10: 0 | G10: 78.22 | H10: 0 | I10: 78.22 | J10: 0 | K10: 78.22 | L10: 0 | M10: 78.22 | N10: 0 | O10: 0 | P10: 0 | Q10: 0 | R10: 0 | S10: 0 | T10: 78.22 | U10: {=IF(Table8[[#This Row],[I_0]]<Table24[Flitro de Ruido],1,Table8[[#This Row],[I_10]]/Table8[[#This Row],[I_0]])} -> 1 | V10: {=IF(Table8[[#This Row],[I_0]]<Table24[Flitro de Ruido],1,Table8[[#This Row],[I_20]]/Table8[[#This Row],[I_0]])} -> 1 | W10: {=IF(Table8[[#This Row],[I_0]]<Table24[Flitro de Ruido],1,Table8[[#This Row],[I_30]]/Table8[[#This Row],[I_0]])} -> 1 | X10: {=IF(Table8[[#This Row],[I_0]]<Table24[Flitro de Ruido],1,Table8[[#This Row],[I_40]]/Table8[[#This Row],[I_0]])} -> 1 | Y10: {=IF(Table8[[#This Row],[I_0]]<Table24[Flitro de Ruido],1,Table8[[#This Row],[I_50]]/Table8[[#This Row],[I_0]])} -> 1
A11: 79.21 | B11: 0 | C11: 79.21 | D11: 0 | E11: 79.21 | F11: 0 | G11: 79.21 | H11: 0 | I11: 79.21 | J11: 0 | K11: 79.21 | L11: 0 | M11: 79.21 | N11: 0 | O11: 0 | P11: 0 | Q11: 0 | R11: 0 | S11: 0 | T11: 79.21 | U11: {=IF(Table8[[#This Row],[I_0]]<Table24[Flitro de Ruido],1,Table8[[#This Row],[I_10]]/Table8[[#This Row],[I_0]])} -> 1 | V11: {=IF(Table8[[#This Row],[I_0]]<Table24[Flitro de Ruido],1,Table8[[#This Row],[I_20]]/Table8[[#This Row],[I_0]])} -> 1 | W11: {=IF(Table8[[#This Row],[I_0]]<Table24[Flitro de Ruido],1,Table8[[#This Row],[I_30]]/Table8[[#This Row],[I_0]])} -> 1 | X11: {=IF(Table8[[#This Row],[I_0]]<Table24[Flitro de Ruido],1,Table8[[#This Row],[I_40]]/Table8[[#This Row],[I_0]])} -> 1 | Y11: {=IF(Table8[[#This Row],[I_0]]<Table24[Flitro de Ruido],1,Table8[[#This Row],[I_50]]/Table8[[#This Row],[I_0]])} -> 1
A12: 80.2 | B12: 0 | C12: 80.2 | D12: 0 | E12: 80.2 | F12: 0 | G12: 80.2 | H12: 0 | I12: 80.2 | J12: 0 | K12: 80.2 | L12: 0 | M12: 80.2 | N12: 0 | O12: 0 | P12: 0 | Q12: 0 | R12: 0 | S12: 0 | T12: 80.2 | U12: {=IF(Table8[[#This Row],[I_0]]<Table24[Flitro de Ruido],1,Table8[[#This Row],[I_10]]/Table8[[#This Row],[I_0]])} -> 1 | V12: {=IF(Table8[[#This Row],[I_0]]<Table24[Flitro de Ruido],1,Table8[[#This Row],[I_20]]/Table8[[#This Row],[I_0]])} -> 1 | W12: {=IF(Table8[[#This Row],[I_0]]<Table24[Flitro de Ruido],1,Table8[[#This Row],[I_30]]/Table8[[#This Row],[I_0]])} -> 1 | X12: {=IF(Table8[[#This Row],[I_0]]<Table24[Flitro de Ruido],1,Table8[[#This Row],[I_40]]/Table8[[#This Row],[I_0]])} -> 1 | Y12: {=IF(Table8[[#This Row],[I_0]]<Table24[Flitro de Ruido],1,Table8[[#This Row],[I_50]]/Table8[[#This Row],[I_0]])} -> 1
A13: 81.19 | B13: 0 | C13: 81.19 | D13: 0 | E13: 81.19 | F13: 0 | G13: 81.19 | H13: 0 | I13: 81.19 | J13: 0 | K13: 81.19 | L13: 0 | M13: 81.19 | N13: 0 | O13: 0 | P13: 0 | Q13: 0 | R13: 0 | S13: 0 | T13: 81.19 | U13: {=IF(Table8[[#This Row],[I_0]]<Table24[Flitro de Ruido],1,Table8[[#This Row],[I_10]]/Table8[[#This Row],[I_0]])} -> 1 | V13: {=IF(Table8[[#This Row],[I_0]]<Table24[Flitro de Ruido],1,Table8[[#This Row],[I_20]]/Table8[[#This Row],[I_0]])} -> 1 | W13: {=IF(Table8[[#This Row],[I_0]]<Table24[Flitro de Ruido],1,Table8[[#This Row],[I_30]]/Table8[[#This Row],[I_0]])} -> 1 | X13: {=IF(Table8[[#This Row],[I_0]]<Table24[Flitro de Ruido],1,Table8[[#This Row],[I_40]]/Table8[[#This Row],[I_0]])} -> 1 | Y13: {=IF(Table8[[#This Row],[I_0]]<Table24[Flitro de Ruido],1,Table8[[#This Row],[I_50]]/Table8[[#This Row],[I_0]])} -> 1
A14: 82.18 | B14: 0 | C14: 82.18 | D14: 0 | E14: 82.18 | F14: 0 | G14: 82.18 | H14: 0 | I14: 82.18 | J14: 0 | K14: 82.18 | L14: 0 | M14: 82.18 | N14: 0 | O14: 0 | P14: 0 | Q14: 0 | R14: 0 | S14: 0 | T14: 82.18 | U14: {=IF(Table8[[#This Row],[I_0]]<Table24[Flitro de Ruido],1,Table8[[#This Row],[I_10]]/Table8[[#This Row],[I_0]])} -> 1 | V14: {=IF(Table8[[#This Row],[I_0]]<Table24[Flitro de Ruido],1,Table8[[#This Row],[I_20]]/Table8[[#This Row],[I_0]])} -> 1 | W14: {=IF(Table8[[#This Row],[I_0]]<Table24[Flitro de Ruido],1,Table8[[#This Row],[I_30]]/Table8[[#This Row],[I_0]])} -> 1 | X14: {=IF(Table8[[#This Row],[I_0]]<Table24[Flitro de Ruido],1,Table8[[#This Row],[I_40]]/Table8[[#This Row],[I_0]])} -> 1 | Y14: {=IF(Table8[[#This Row],[I_0]]<Table24[Flitro de Ruido],1,Table8[[#This Row],[I_50]]/Table8[[#This Row],[I_0]])} -> 1
A15: 83.17 | B15: 0 | C15: 83.17 | D15: 0 | E15: 83.17 | F15: 0 | G15: 83.17 | H15: 0 | I15: 83.17 | J15: 0 | K15: 83.17 | L15: 0 | M15: 83.17 | N15: 0 | O15: 0 | P15: 0 | Q15: 0 | R15: 0 | S15: 0 | T15: 83.17 | U15: {=IF(Table8[[#This Row],[I_0]]<Table24[Flitro de Ruido],1,Table8[[#This Row],[I_10]]/Table8[[#This Row],[I_0]])} -> 1 | V15: {=IF(Table8[[#This Row],[I_0]]<Table24[Flitro de Ruido],1,Table8[[#This Row],[I_20]]/Table8[[#This Row],[I_0]])} -> 1 | W15: {=IF(Table8[[#This Row],[I_0]]<Table24[Flitro de Ruido],1,Table8[[#This Row],[I_30]]/Table8[[#This Row],[I_0]])} -> 1 | X15: {=IF(Table8[[#This Row],[I_0]]<Table24[Flitro de Ruido],1,Table8[[#This Row],[I_40]]/Table8[[#This Row],[I_0]])} -> 1 | Y15: {=IF(Table8[[#This Row],[I_0]]<Table24[Flitro de Ruido],1,Table8[[#This Row],[I_50]]/Table8[[#This Row],[I_0]])} -> 1
... A1282: 1339.74 | B1282: 53.6 | C1282: 1339.74 | D1282: 71.1 | E1282: 1339.74 | F1282: 84.4 | G1282: 1339.74 | H1282: 79.1 | I1282: 1339.74 | J1282: 96.2 | K1282: 1339.74 | L1282: 114.7 | M1282: 1339.74 | N1282: 53.6 | O1282: 71.1 | P1282: 84.4 | Q1282: 79.1 | R1282: 96.2 | S1282: 114.7 | T1282: 1339.74 | U1282: {=IF(Table8[[#This Row],[I_0]]<Table24[Flitro de Ruido],1,Table8[[#This Row],[I_10]]/Table8[[#This Row],[I_0]])} -> 1.3264925 | V1282: {=IF(Table8[[#This Row],[I_0]]<Table24[Flitro de Ruido],1,Table8[[#This Row],[I_20]]/Table8[[#This Row],[I_0]])} -> 1.5746269 | W1282: {=IF(Table8[[#This Row],[I_0]]<Table24[Flitro de Ruido],1,Table8[[#This Row],[I_30]]/Table8[[#This Row],[I_0]])} -> 1.4757463 | X1282: {=IF(Table8[[#This Row],[I_0]]<Table24[Flitro de Ruido],1,Table8[[#This Row],[I_40]]/Table8[[#This Row],[I_0]])} -> 1.7947761 | Y1282: {=IF(Table8[[#This Row],[I_0]]<Table24[Flitro de Ruido],1,Table8[[#This Row],[I_50]]/Table8[[#This Row],[I_0]])} -> 2.1399254

Sheet 1.0%
A1: 1%-0.0% | C1: 1%-10.0% | E1: 1%-20.0% | G1: 1%-30.0% | I1: 1%-40.0% | K1: 1%-50.0%
A2: X | B2: Y | C2: X2 | D2: Y2 | E2: X4 | F2: Y5 | G2: X6 | H2: Y7 | I2: X8 | J2: Y9 | K2: X10 | L2: Y11 | M2: Wavelength | N2: I_0 | O2: I_10 | P2: I_20 | Q2: I_30 | R2: I_40 | S2: I_50 | T2: Wavelength2 | U2: TER_10 | V2: TER_20 | W2: TER_30 | X2: TER_40 | Y2: TER_50 | Z2: Filtro de ruido
A3: 71.27 | B3: 0 | C3: 71.27 | D3: 0 | E3: 71.27 | F3: 0 | G3: 71.27 | H3: 0 | I3: 71.27 | J3: 0 | K3: 71.27 | L3: 0 | M3: 71.27 | N3: 0 | O3: 0 | P3: 0 | Q3: 0 | R3: 0 | S3: 0 | T3: 71.27 | U3: =IF(Table14[[#This Row],[I_0]] < INDEX(Table28[Filtro de ruido],1), 1, Table14[[#This Row],[I_10]] / Table14[[#This Row],[I_0]]) -> 1 | V3: =IF(Table14[[#This Row],[I_0]] < INDEX(Table28[Filtro de ruido],1), 1, Table14[[#This Row],[I_20]] / Table14[[#This Row],[I_0]]) -> 1 | W3: =IF(Table14[[#This Row],[I_0]] < INDEX(Table28[Filtro de ruido],1), 1, Table14[[#This Row],[I_30]] / Table14[[#This Row],[I_0]]) -> 1 | X3: =IF(Table14[[#This Row],[I_0]] < INDEX(Table28[Filtro de ruido],1), 1, Table14[[#This Row],[I_40]] / Table14[[#This Row],[I_0]]) -> 1 | Y3: =IF(Table14[[#This Row],[I_0]] < INDEX(Table28[Filtro de ruido],1), 1, Table14[[#This Row],[I_50]] / Table14[[#This Row],[I_0]]) -> 1 | Z3: 0.1
A4: 72.26 | B4: 0 | C4: 72.26 | D4: 0 | E4: 72.26 | F4: 0 | G4: 72.26 | H4: 0 | I4: 72.26 | J4: 0 | K4: 72.26 | L4: 0 | M4: 72.26 | N4: 0 | O4: 0 | P4: 0 | Q4: 0 | R4: 0 | S4: 0 | T4: 72.26 | U4: =IF(Table14[[#This Row],[I_0]] < INDEX(Table28[Filtro de ruido],1), 1, Table14[[#This Row],[I_10]] / Table14[[#This Row],[I_0]]) -> 1 | V4: =IF(Table14[[#This Row],[I_0]] < INDEX(Table28[Filtro de ruido],1), 1, Table14[[#This Row],[I_20]] / Table14[[#This Row],[I_0]]) -> 1 | W4: =IF(Table14[[#This Row],[I_0]] < INDEX(Table28[Filtro de ruido],1), 1, Table14[[#This Row],[I_30]] / Table14[[#This Row],[I_0]]) -> 1 | X4: =IF(Table14[[#This Row],[I_0]] < INDEX(Table28[Filtro de ruido],1), 1, Table14[[#This Row],[I_40]] / Table14[[#This Row],[I_0]]) -> 1 | Y4: =IF(Table14[[#This Row],[I_0]] < INDEX(Table28[Filtro de ruido],1), 1, Table14[[#This Row],[I_50]] / Table14[[#This Row],[I_0]]) -> 1
A5: 73.26 | B5: 0 | C5: 73.26 | D5: 0 | E5: 73.26 | F5: 0 | G5: 73.26 | H5: 0 | I5: 73.26 | J5: 0 | K5: 73.26 | L5: 0 | M5: 73.26 | N5: 0 | O5: 0 | P5: 0 | Q5: 0 | R5: 0 | S5: 0 | T5: 73.26 | U5: =IF(Table14[[#This Row],[I_0]] < INDEX(Table28[Filtro de ruido],1), 1, Table14[[#This Row],[I_10]] / Table14[[#This Row],[I_0]]) -> 1 | V5: =IF(Table14[[#This Row],[I_0]] < INDEX(Table28[Filtro de ruido],1), 1, Table14[[#This Row],[I_20]] / Table14[[#This Row],[I_0]]) -> 1 | W5: =IF(Table14[[#This Row],[I_0]] < INDEX(Table28[Filtro de ruido],1), 1, Table14[[#This Row],[I_30]] / Table14[[#This Row],[I_0]]) -> 1 | X5: =IF(Table14[[#This Row],[I_0]] < INDEX(Table28[Filtro de ruido],1), 1, Table14[[#This Row],[I_40]] / Table14[[#This Row],[I_0]]) -> 1 | Y5: =IF(Table14[[#This Row],[I_0]] < INDEX(Table28[Filtro de ruido],1), 1, Table14[[#This Row],[I_50]] / Table14[[#This Row],[I_0]]) -> 1
A6: 74.25 | B6: 0 | C6: 74.25 | D6: 0 | E6: 74.25 | F6: 0 | G6: 74.25 | H6: 0 | I6: 74.25 | J6: 0 | K6: 74.25 | L6: 0 | M6: 74.25 | N6: 0 | O6: 0 | P6: 0 | Q6: 0 | R6: 0 | S6: 0 | T6: 74.25 | U6: =IF(Table14[[#This Row],[I_0]] < INDEX(Table28[Filtro de ruido],1), 1, Table14[[#This Row],[I_10]] / Table14[[#This Row],[I_0]]) -> 1 | V6: =IF(Table14[[#This Row],[I_0]] < INDEX(Table28[Filtro de ruido],1), 1, Table14[[#This Row],[I_20]] / Table14[[#This Row],[I_0]]) -> 1 | W6: =IF(Table14[[#This Row],[I_0]] < INDEX(Table28[Filtro de ruido],1), 1, Table14[[#This Row],[I_30]] / Table14[[#This Row],[I_0]]) -> 1 | X6: =IF(Table14[[#This Row],[I_0]] < INDEX(Table28[Filtro de ruido],1), 1, Table14[[#This Row],[I_40]] / Table14[[#This Row],[I_0]]) -> 1 | Y6: =IF(Table14[[#This Row],[I_0]] < INDEX(Table28[Filtro de ruido],1), 1, Table14[[#This Row],[I_50]] / Table14[[#This Row],[I_0]]) -> 1
A7: 75.24 | B7: 0 | C7: 75.24 | D7: 0 | E7: 75.24 | F7: 0 | G7: 75.24 | H7: 0 | I7: 75.24 | J7: 0 | K7: 75.24 | L7: 0 | M7: 75.24 | N7: 0 | O7: 0 | P7: 0 | Q7: 0 | R7: 0 | S7: 0 | T7: 75.24 | U7: =IF(Table14[[#This Row],[I_0]] < INDEX(Table28[Filtro de ruido],1), 1, Table14[[#This Row],[I_10]] / Table14[[#This Row],[I_0]]) -> 1 | V7: =IF(Table14[[#This Row],[I_0]] < INDEX(Table28[Filtro de ruido],1), 1, Table14[[#This Row],[I_20]] / Table14[[#This Row],[I_0]]) -> 1 | W7: =IF(Table14[[#This Row],[I_0]] < INDEX(Table28[Filtro de ruido],1), 1, Table14[[#This Row],[I_30]] / Table14[[#This Row],[I_0]]) -> 1 | X7: =IF(Table14[[#This Row],[I_0]] < INDEX(Table28[Filtro de ruido],1), 1, Table14[[#This Row],[I_40]] / Table14[[#This Row],[I_0]]) -> 1 | Y7: =IF(Table14[[#This Row],[I_0]] < INDEX(Table28[Filtro de ruido],1), 1, Table14[[#This Row],[I_50]] / Table14[[#This Row],[I_0]]) -> 1
A8: 76.23 | B8: 0 | C8: 76.23 | D8: 0 | E8: 76.23 | F8: 0 | G8: 76.23 | H8: 0 | I8: 76.23 | J8: 0 | K8: 76.23 | L8: 0 | M8: 76.23 | N8: 0 | O8: 0 | P8: 0 | Q8: 0 | R8: 0 | S8: 0 | T8: 76.23 | U8: =IF(Table14[[#This Row],[I_0]] < INDEX(Table28[Filtro de ruido],1), 1, Table14[[#This Row],[I_10]] / Table14[[#This Row],[I_0]]) -> 1 | V8: =IF(Table14[[#This Row],[I_0]] < INDEX(Table28[Filtro de ruido],1), 1, Table14[[#This Row],[I_20]] / Table14[[#This Row],[I_0]]) -> 1 | W8: =IF(Table14[[#This Row],[I_0]] < INDEX(Table28[Filtro de ruido],1), 1, Table14[[#This Row],[I_30]] / Table14[[#This Row],[I_0]]) -> 1 | X8: =IF(Table14[[#This Row],[I_0]] < INDEX(Table28[Filtro de ruido],1), 1, Table14[[#This Row],[I_40]] / Table14[[#This Row],[I_0]]) -> 1 | Y8: =IF(Table14[[#This Row],[I_0]] < INDEX(Table28[Filtro de ruido],1), 1, Table14[[#This Row],[I_50]] / Table14[[#This Row],[I_0]]) -> 1
A9: 77.22 | B9: 0 | C9: 77.22 | D9: 0 | E9: 77.22 | F9: 0 | G9: 77.22 | H9: 0 | I9: 77.22 | J9: 0 | K9: 77.22 | L9: 0 | M9: 77.22 | N9: 0 | O9: 0 | P9: 0 | Q9: 0 | R9: 0 | S9: 0 | T9: 77.22 | U9: =IF(Table14[[#This Row],[I_0]] < INDEX(Table28[Filtro de ruido],1), 1, Table14[[#This Row],[I_10]] / Table14[[#This Row],[I_0]]) -> 1 | V9: =IF(Table14[[#This Row],[I_0]] < INDEX(Table28[Filtro de ruido],1), 1, Table14[[#This Row],[I_20]] / Table14[[#This Row],[I_0]]) -> 1 | W9: =IF(Table14[[#This Row],[I_0]] < INDEX(Table28[Filtro de ruido],1), 1, Table14[[#This Row],[I_30]] / Table14[[#This Row],[I_0]]) -> 1 | X9: =IF(Table14[[#This Row],[I_0]] < INDEX(Table28[Filtro de ruido],1), 1, Table14[[#This Row],[I_40]] / Table14[[#This Row],[I_0]]) -> 1 | Y9: =IF(Table14[[#This Row],[I_0]] < INDEX(Table28[Filtro de ruido],1), 1, Table14[[#This Row],[I_50]] / Table14[[#This Row],[I_0]]) -> 1
A10: 78.22 | B10: 0 | C10: 78.22 | D10: 0 | E10: 78.22 | F10: 0 | G10: 78.22 | H10: 0 | I10: 78.22 | J10: 0 | K10: 78.22 | L10: 0 | M10: 78.22 | N10: 0 | O10: 0 | P10: 0 | Q10: 0 | R10: 0 | S10: 0 | T10: 78.22 | U10: =IF(Table14[[#This Row],[I_0]] < INDEX(Table28[Filtro de ruido],1), 1, Table14[[#This Row],[I_10]] / Table14[[#This Row],[I_0]]) -> 1 | V10: =IF(Table14[[#This Row],[I_0]] < INDEX(Table28[Filtro de ruido],1), 1, Table14[[#This Row],[I_20]] / Table14[[#This Row],[I_0]]) -> 1 | W10: =IF(Table14[[#This Row],[I_0]] < INDEX(Table28[Filtro de ruido],1), 1, Table14[[#This Row],[I_30]] / Table14[[#This Row],[I_0]]) -> 1 | X10: =IF(Table14[[#This Row],[I_0]] < INDEX(Table28[Filtro de ruido],1), 1, Table14[[#This Row],[I_40]] / Table14[[#This Row],[I_0]]) -> 1 | Y10: =IF(Table14[[#This Row],[I_0]] < INDEX(Table28[Filtro de ruido],1), 1, Table14[[#This Row],[I_50]] / Table14[[#This Row],[I_0]]) -> 1
A11: 79.21 | B11: 0 | C11: 79.21 | D11: 0 | E11: 79.21 | F11: 0 | G11: 79.21 | H11: 0 | I11: 79.21 | J11: 0 | K11: 79.21 | L11: 0 | M11: 79.21 | N11: 0 | O11: 0 | P11: 0 | Q11: 0 | R11: 0 | S11: 0 | T11: 79.21 | U11: =IF(Table14[[#This Row],[I_0]] < INDEX(Table28[Filtro de ruido],1), 1, Table14[[#This Row],[I_10]] / Table14[[#This Row],[I_0]]) -> 1 | V11: =IF(Table14[[#This Row],[I_0]] < INDEX(Table28[Filtro de ruido],1), 1, Table14[[#This Row],[I_20]] / Table14[[#This Row],[I_0]]) -> 1 | W11: =IF(Table14[[#This Row],[I_0]] < INDEX(Table28[Filtro de ruido],1), 1, Table14[[#This Row],[I_30]] / Table14[[#This Row],[I_0]]) -> 1 | X11: =IF(Table14[[#This Row],[I_0]] < INDEX(Table28[Filtro de ruido],1), 1, Table14[[#This Row],[I_40]] / Table14[[#This Row],[I_0]]) -> 1 | Y11: =IF(Table14[[#This Row],[I_0]] < INDEX(Table28[Filtro de ruido],1), 1, Table14[[#This Row],[I_50]] / Table14[[#This Row],[I_0]]) -> 1
A12: 80.2 | B12: 0 | C12: 80.2 | D12: 0 | E12: 80.2 | F12: 0 | G12: 80.2 | H12: 0 | I12: 80.2 | J12: 0 | K12: 80.2 | L12: 0 | M12: 80.2 | N12: 0 | O12: 0 | P12: 0 | Q12: 0 | R12: 0 | S12: 0 | T12: 80.2 | U12: =IF(Table14[[#This Row],[I_0]] < INDEX(Table28[Filtro de ruido],1), 1, Table14[[#This Row],[I_10]] / Table14[[#This Row],[I_0]]) -> 1 | V12: =IF(Table14[[#This Row],[I_0]] < INDEX(Table28[Filtro de ruido],1), 1, Table14[[#This Row],[I_20]] / Table14[[#This Row],[I_0]]) -> 1 | W12: =IF(Table14[[#This Row],[I_0]] < INDEX(Table28[Filtro de ruido],1), 1, Table14[[#This Row],[I_30]] / Table14[[#This Row],[I_0]]) -> 1 | X12: =IF(Table14[[#This Row],[I_0]] < INDEX(Table28[Filtro de ruido],1), 1, Table14[[#This Row],[I_40]] / Table14[[#This Row],[I_0]]) -> 1 | Y12: =IF(Table14[[#This Row],[I_0]] < INDEX(Table28[Filtro de ruido],1), 1, Table14[[#This Row],[I_50]] / Table14[[#This Row],[I_0]]) -> 1
A13: 81.19 | B13: 0 | C13: 81.19 | D13: 0 | E13: 81.19 | F13: 0 | G13: 81.19 | H13: 0 | I13: 81.19 | J13: 0 | K13: 81.19 | L13: 0 | M13: 81.19 | N13: 0 | O13: 0 | P13: 0 | Q13: 0 | R13: 0 | S13: 0 | T13: 81.19 | U13: =IF(Table14[[#This Row],[I_0]] < INDEX(Table28[Filtro de ruido],1), 1, Table14[[#This Row],[I_10]] / Table14[[#This Row],[I_0]]) -> 1 | V13: =IF(Table14[[#This Row],[I_0]] < INDEX(Table28[Filtro de ruido],1), 1, Table14[[#This Row],[I_20]] / Table14[[#This Row],[I_0]]) -> 1 | W13: =IF(Table14[[#This Row],[I_0]] < INDEX(Table28[Filtro de ruido],1), 1, Table14[[#This Row],[I_30]] / Table14[[#This Row],[I_0]]) -> 1 | X13: =IF(Table14[[#This Row],[I_0]] < INDEX(Table28[Filtro de ruido],1), 1, Table14[[#This Row],[I_40]] / Table14[[#This Row],[I_0]]) -> 1 | Y13: =IF(Table14[[#This Row],[I_0]] < INDEX(Table28[Filtro de ruido],1), 1, Table14[[#This Row],[I_50]] / Table14[[#This Row],[I_0]]) -> 1
A14: 82.18 | B14: 0 | C14: 82.18 | D14: 0 | E14: 82.18 | F14: 0 | G14: 82.18 | H14: 0 | I14: 82.18 | J14: 0 | K14: 82.18 | L14: 0 | M14: 82.18 | N14: 0 | O14: 0 | P14: 0 | Q14: 0 | R14: 0 | S14: 0 | T14: 82.18 | U14: =IF(Table14[[#This Row],[I_0]] < INDEX(Table28[Filtro de ruido],1), 1, Table14[[#This Row],[I_10]] / Table14[[#This Row],[I_0]]) -> 1 | V14: =IF(Table14[[#This Row],[I_0]] < INDEX(Table28[Filtro de ruido],1), 1, Table14[[#This Row],[I_20]] / Table14[[#This Row],[I_0]]) -> 1 | W14: =IF(Table14[[#This Row],[I_0]] < INDEX(Table28[Filtro de ruido],1), 1, Table14[[#This Row],[I_30]] / Table14[[#This Row],[I_0]]) -> 1 | X14: =IF(Table14[[#This Row],[I_0]] < INDEX(Table28[Filtro de ruido],1), 1, Table14[[#This Row],[I_40]] / Table14[[#This Row],[I_0]]) -> 1 | Y14: =IF(Table14[[#This Row],[I_0]] < INDEX(Table28[Filtro de ruido],1), 1, Table14[[#This Row],[I_50]] / Table14[[#This Row],[I_0]]) -> 1
A15: 83.17 | B15: 0 | C15: 83.17 | D15: 0 | E15: 83.17 | F15: 0 | G15: 83.17 | H15: 0 | I15: 83.17 | J15: 0 | K15: 83.17 | L15: 0 | M15: 83.17 | N15: 0 | O15: 0 | P15: 0 | Q15: 0 | R15: 0 | S15: 0 | T15: 83.17 | U15: =IF(Table14[[#This Row],[I_0]] < INDEX(Table28[Filtro de ruido],1), 1, Table14[[#This Row],[I_10]] / Table14[[#This Row],[I_0]]) -> 1 | V15: =IF(Table14[[#This Row],[I_0]] < INDEX(Table28[Filtro de ruido],1), 1, Table14[[#This Row],[I_20]] / Table14[[#This Row],[I_0]]) -> 1 | W15: =IF(Table14[[#This Row],[I_0]] < INDEX(Table28[Filtro de ruido],1), 1, Table14[[#This Row],[I_30]] / Table14[[#This Row],[I_0]]) -> 1 | X15: =IF(Table14[[#This Row],[I_0]] < INDEX(Table28[Filtro de ruido],1), 1, Table14[[#This Row],[I_40]] / Table14[[#This Row],[I_0]]) -> 1 | Y15: =IF(Table14[[#This Row],[I_0]] < INDEX(Table28[Filtro de ruido],1), 1, Table14[[#This Row],[I_50]] / Table14[[#This Row],[I_0]]) -> 1
... A1282: 1339.74 | B1282: 7.9 | C1282: 1339.74 | D1282: 8.3 | E1282: 1339.74 | F1282: 8.8 | G1282: 1339.74 | H1282: 9.1 | I1282: 1339.74 | J1282: 9.4 | K1282: 1339.74 | L1282: 9.6 | M1282: 1339.74 | N1282: 7.9 | O1282: 8.3 | P1282: 8.8 | Q1282: 9.1 | R1282: 9.4 | S1282: 9.6 | T1282: 1339.74 | U1282: =IF(Table14[[#This Row],[I_0]] < INDEX(Table28[Filtro de ruido],1), 1, Table14[[#This Row],[I_10]] / Table14[[#This Row],[I_0]]) -> 1.0506329 | V1282: =IF(Table14[[#This Row],[I_0]] < INDEX(Table28[Filtro de ruido],1), 1, Table14[[#This Row],[I_20]] / Table14[[#This Row],[I_0]]) -> 1.1139241 | W1282: =IF(Table14[[#This Row],[I_0]] < INDEX(Table28[Filtro de ruido],1), 1, Table14[[#This Row],[I_30]] / Table14[[#This Row],[I_0]]) -> 1.1518987 | X1282: =IF(Table14[[#This Row],[I_0]] < INDEX(Table28[Filtro de ruido],1), 1, Table14[[#This Row],[I_40]] / Table14[[#This Row],[I_0]]) -> 1.1898734 | Y1282: =IF(Table14[[#This Row],[I_0]] < INDEX(Table28[Filtro de ruido],1), 1, Table14[[#This Row],[I_50]] / Table14[[#This Row],[I_0]]) -> 1.2151899
